year;title;studios;producers;winner;imageUrl
1980;Can't Stop the Music;Associated Film Distribution;Allan Carr;yes;https://m.media-amazon.com/images/M/MV5BNjlhNzQ1NDItM2RlYy00NjNjLThhYjktYjU4MTQwYzg1OTkxL2ltYWdlXkEyXkFqcGdeQXVyMTA0MjU0Ng@@._SL110_CR21,0,74,110_AL_.jpg
1980;Cruising;Lorimar Productions, United Artists;Jerry Weintraub;;https://m.media-amazon.com/images/M/MV5BYjFmODA1NjItY2NmOS00NTczLThkMWMtMzNlZTNiNmU0NWRiXkEyXkFqcGdeQXVyNDE5MTU2MDE@._SL110_CR21,0,74,110_AL_.jpg
1980;The Formula;MGM, United Artists;Steve Shagan;;https://m.media-amazon.com/images/M/MV5BNTMyZDcyMmQtNTQ0YS00ZTI3LWIxODAtMTI5MGQ4MzUzMjMxXkEyXkFqcGdeQXVyMTUzMDUzNTI3._SL110_CR21,0,74,110_AL_.jpg
1980;Friday the 13th;Paramount Pictures;Sean S. Cunningham;;https://m.media-amazon.com/images/M/MV5BNWMxYTYzYWQtNGZmNy00MTg5LTk1N2MtNzQ5NjQxYjQ5NTJhXkEyXkFqcGdeQXVyMTQxNzMzNDI@._SL110_CR21,0,74,110_AL_.jpg
1980;The Nude Bomb;Universal Studios;Jennings Lang;;https://m.media-amazon.com/images/M/MV5BMGVjMzNhYmUtOGIwYS00ZjNjLTlhNjktMTY4ZDUzYWE4MjI0XkEyXkFqcGdeQXVyMTQxNzMzNDI@._SL110_CR21,0,74,110_AL_.jpg
1980;The Jazz Singer;Associated Film Distribution;Jerry Leider;;https://m.media-amazon.com/images/M/MV5BZGEwNTA3MjgtYzE0Mi00MjQ2LThkNjAtYzcyODE3NDBjODIwXkEyXkFqcGdeQXVyNjE5MjUyOTM@._SL110_CR21,0,74,110_AL_.jpg
1980;Raise the Titanic;Associated Film Distribution;William Frye;;https://m.media-amazon.com/images/M/MV5BNTQyZGI0NDgtYTM0ZC00NTdkLTk2OTItYTgwYmYwNjZlNDRlXkEyXkFqcGdeQXVyMTY5Nzc4MDY@._SL110_CR21,0,74,110_AL_.jpg
1980;Saturn 3;Associated Film Distribution;Stanley Donen;;https://m.media-amazon.com/images/M/MV5BOGU1MDY4YzYtMWIzYi00YjVkLWJiNzUtNTU4NTE1MTcxMWM2XkEyXkFqcGdeQXVyMTQxNzMzNDI@._SL110_CR21,0,74,110_AL_.jpg
1980;Windows;United Artists;Mike Lobell;;
1980;Xanadu;Universal Studios;Lawrence Gordon;;https://m.media-amazon.com/images/M/MV5BYTlkNWQyMjAtZGE2Yi00YWU2LWI5N2EtOGIwYjJjOTkxNzNhXkEyXkFqcGdeQXVyNzc5MjA3OA@@._SL110_CR21,0,74,110_AL_.jpg
1981;Mommie Dearest;Paramount Pictures;Frank Yablans;yes;https://upload.wikimedia.org/wikipedia/en/9/94/Mommie_Dearest-HR_Edition_cover.jpg
1981;Endless Love;Universal Studios, PolyGram;Dyson Lovell;;https://upload.wikimedia.org/wikipedia/en/f/f0/Endless_love.jpg
1981;Heaven's Gate;United Artists;Joann Carelli;;https://upload.wikimedia.org/wikipedia/en/5/52/Heavens_gate_post.jpg
1981;The Legend of the Lone Ranger;Universal Studios, Associated Film Distribution;Walter Coblenz;;https://upload.wikimedia.org/wikipedia/en/b/b3/The_Legend_of_the_Lone_Ranger.jpg
1981;Tarzan, the Ape Man;MGM, United Artists;John Derek;;https://upload.wikimedia.org/wikipedia/en/f/f2/Tarzan%2C_the_Ape_Man.jpg
1982;Inchon;MGM;Mitsuharu Ishii;yes;https://upload.wikimedia.org/wikipedia/en/4/47/Inchon_Movie_poster.jpg
1982;Annie;Columbia Pictures;Ray Stark;;https://upload.wikimedia.org/wikipedia/en/c/cd/Annie-film.jpg
1982;Butterfly;Analysis Film Releasing;Matt Cimber;;https://upload.wikimedia.org/wikipedia/en/2/21/Butterfly1982.jpg
1982;Megaforce;20th Century Fox;Albert S. Ruddy;;https://upload.wikimedia.org/wikipedia/en/8/8a/Megaforceposter.jpg
1982;The Pirate Movie;20th Century Fox;David Joseph;;https://upload.wikimedia.org/wikipedia/en/2/21/Pirate_Movie.jpg
1983;The Lonely Lady;Universal Studios;Robert R. Weston;yes;https://upload.wikimedia.org/wikipedia/en/a/a8/The_lonely_lady.jpg
1983;Hercules;MGM, United Artists, Cannon Films;Yoram Globus and Menahem Golan;;https://upload.wikimedia.org/wikipedia/en/1/11/Herculesposter1983.jpg
1983;Jaws 3-D;Universal Studios;Rupert Hitzig;;https://upload.wikimedia.org/wikipedia/en/c/c3/Jaws_3d.jpg
1983;Stroker Ace;Warner Bros., Universal Studios;Hank Moonjean;;https://upload.wikimedia.org/wikipedia/en/0/01/Strokerposter.jpg
1983;Two of a Kind;20th Century Fox;Roger M. Rothstein and Joe Wizan;;https://upload.wikimedia.org/wikipedia/en/3/3f/Twoofakind1983Poster.jpg
1984;Bolero;Cannon Films;Bo Derek;yes;https://upload.wikimedia.org/wikipedia/en/0/01/Boleroposter.jpg
1984;Cannonball Run II;Warner Bros.;Albert S. Ruddy;;https://upload.wikimedia.org/wikipedia/en/6/6a/Cannonball_run_ii.jpg
1984;Rhinestone;20th Century Fox;Marvin Worth and Howard Smith;;https://upload.wikimedia.org/wikipedia/en/9/9d/Rhinestone_%28movie_poster%29.jpg
1984;Sheena;Columbia Pictures;Paul Aratow;;https://upload.wikimedia.org/wikipedia/en/4/4d/TanyaSheena.jpg
1984;Where the Boys Are '84;TriStar Pictures;Allan Carr;;https://upload.wikimedia.org/wikipedia/en/8/88/Where_the_Boys_Are_%2784.jpg
1985;Rambo: First Blood Part II;Columbia Pictures;Buzz Feitshans;yes;https://upload.wikimedia.org/wikipedia/en/f/fc/Rambo_first_blood_part_ii.jpg
1985;Fever Pitch;MGM, United Artists;Freddie Fields;;https://upload.wikimedia.org/wikipedia/en/7/7b/Fever_Pitch_1985_poster.jpg
1985;Revolution;Warner Bros.;Irwin Winkler;;https://upload.wikimedia.org/wikipedia/en/3/36/Revolution_imp.jpg
1985;Rocky IV;MGM, United Artists;Irwin Winkler and Robert Chartoff;;https://upload.wikimedia.org/wikipedia/en/9/95/Rocky_IV.jpg
1985;Year of the Dragon;MGM, United Artists;Dino De Laurentiis;;https://upload.wikimedia.org/wikipedia/en/b/b0/Year_of_the_dragon_poster.jpg
1986;Howard the Duck;Universal Studios;Gloria Katz;yes;https://upload.wikimedia.org/wikipedia/en/7/7f/Howard_the_Duck_%281986%29.jpg
1986;Under the Cherry Moon;Warner Bros.;Bob Cavallo, Joe Ruffalo and Steve Fargnoli;yes;https://upload.wikimedia.org/wikipedia/en/b/b4/Under_the_cherry_moon.jpg
1986;Blue City;Paramount Pictures;William L. Hayward and Walter Hill;;https://upload.wikimedia.org/wikipedia/en/b/bc/Bluecityposter.jpg
1986;Cobra;Warner Bros., Cannon Films;Yoram Globus and Menahem Golan;;https://upload.wikimedia.org/wikipedia/en/4/41/Cobra_movie_poster.jpg
1986;Shanghai Surprise;MGM;John Kohn;;https://upload.wikimedia.org/wikipedia/en/7/74/Shanghai_surprise_poster.jpg
1987;Leonard Part 6;Columbia Pictures;Bill Cosby;yes;https://upload.wikimedia.org/wikipedia/en/b/bd/Leonard_part_six_ver2.jpg
1987;Ishtar;Columbia Pictures;Warren Beatty;;https://upload.wikimedia.org/wikipedia/en/thumb/5/58/Ishtar_poster.jpg/220px-Ishtar_poster.jpg
1987;Jaws: The Revenge;Universal Studios;Joseph Sargent;;https://upload.wikimedia.org/wikipedia/en/c/cb/Jaws_The_Revenge.jpg
1987;Tough Guys Don't Dance;Cannon Films;Yoram Globus and Menahem Golan;;https://upload.wikimedia.org/wikipedia/en/d/dc/Tough_guys_dont_dance_ver2.jpg
1987;Who's That Girl;Warner Bros.;Rosilyn Heller and Bernard Williams;;https://upload.wikimedia.org/wikipedia/en/9/9e/Who%27s_That_Girl_%281987_film%29.png
1988;Cocktail;Touchstone Pictures;Ted Field and Robert W. Cort;yes;https://upload.wikimedia.org/wikipedia/en/8/8c/Cocktail_1988.jpg
1988;Caddyshack II;Warner Bros.;Neil Canton, Jon Peters and Peter Guber;;https://upload.wikimedia.org/wikipedia/en/2/23/Caddyshack_ii.jpg
1988;Hot to Trot;Warner Bros.;Steve Tisch;;https://upload.wikimedia.org/wikipedia/en/c/c0/Hot_to_trot.jpg
1988;Mac and Me;Orion Pictures;R. J. Louis;;https://upload.wikimedia.org/wikipedia/en/8/87/Mac_and_me_movie_poster.jpg
1988;Rambo III;TriStar Pictures, Carolco Pictures;Buzz Feitshans;;https://upload.wikimedia.org/wikipedia/en/a/a3/Rambo3poster.jpg
1989;Star Trek V: The Final Frontier;Paramount Pictures;Harve Bennett;yes;https://upload.wikimedia.org/wikipedia/en/7/7c/Star_Trek_V_The_Final_Frontier.png
1989;The Karate Kid Part III;Columbia Pictures;Jerry Weintraub;;https://upload.wikimedia.org/wikipedia/en/d/de/Karate_kid_part_III.jpg
1989;Lock Up;TriStar Pictures, Carolco Pictures;Charles Gordon and Lawrence Gordon;;https://upload.wikimedia.org/wikipedia/en/9/9a/Lock_up.jpg
1989;Road House;United Artists;Joel Silver;;https://upload.wikimedia.org/wikipedia/en/6/67/Road-house-poster.jpg
1989;Speed Zone;Orion Pictures;Murray Shostack;;https://upload.wikimedia.org/wikipedia/en/4/41/Speed_zone_movie.jpg
1990;The Adventures of Ford Fairlane;20th Century Fox;Steven Perry and Joel Silver;yes;https://upload.wikimedia.org/wikipedia/en/a/ac/Fordfairlaneposter.jpg
1990;Ghosts Can't Do It;Triumph Releasing;Bo Derek;yes;https://upload.wikimedia.org/wikipedia/en/c/cb/Ghosts_Can%27t_Do_It.jpg
1990;The Bonfire of the Vanities;Warner Bros.;Brian De Palma;;https://upload.wikimedia.org/wikipedia/en/d/d6/Bonfire_of_the_vanities_movie_poster.jpg
1990;Graffiti Bridge;Warner Bros.;Randy Phillips and Craig Rice;;https://upload.wikimedia.org/wikipedia/en/8/89/Graffiti_Bridge_%28film%29.jpg
1990;Rocky V;United Artists;Robert Chartoff and Irwin Winkler;;https://upload.wikimedia.org/wikipedia/en/a/a5/Rocky_v_poster.jpg
1991;Hudson Hawk;TriStar Pictures;Joel Silver;yes;https://upload.wikimedia.org/wikipedia/en/7/75/Hudson_hawk_ver2.jpg
1991;Cool as Ice;Universal Studios;Carolyn Pfeiffer and Lionel Wingram;;https://upload.wikimedia.org/wikipedia/en/5/54/Cool_as_Ice_poster.jpg
1991;Dice Rules;Seven Arts Productions;Loucas George;;https://upload.wikimedia.org/wikipedia/en/e/e5/Dice_Rules_%281991_film%29.jpg
1991;Nothing but Trouble;Warner Bros.;Lester Berman and Robert K. Weiss;;https://upload.wikimedia.org/wikipedia/en/d/d4/Nothing_but_trouble_poster.jpg
1991;Return to the Blue Lagoon;Columbia Pictures;William A. Graham;;https://upload.wikimedia.org/wikipedia/en/1/1a/Return-to-the-Blue-Lagoon-film-poster.jpg
1992;Shining Through;20th Century Fox;Carol Baum and Howard Rosenman;yes;https://upload.wikimedia.org/wikipedia/en/6/69/Shining_Through_poster.jpg
1992;The Bodyguard;Warner Bros.;Kevin Costner, Lawrence Kasdan and Jim Wilson;;https://upload.wikimedia.org/wikipedia/en/8/8f/The_Bodyguard_1992_Film_Poster.jpg
1992;Christopher Columbus: The Discovery;Warner Bros.;Alexander Salkind and Ilya Salkind;;https://upload.wikimedia.org/wikipedia/en/3/3a/Christopher_columbus_the_discovery.jpg
1992;Final Analysis;20th Century Fox;Paul Junger Witt, Charles Roven and Tony Thomas;;https://upload.wikimedia.org/wikipedia/en/c/cc/Finalanalysiscover.JPG
1992;Newsies;Walt Disney Pictures;Michael Finnell;;https://upload.wikimedia.org/wikipedia/en/5/53/Newsies-Poster.jpg
1993;Indecent Proposal;Paramount Pictures;Sherry Lansing;yes;https://upload.wikimedia.org/wikipedia/en/8/84/Indecent_proposal.jpg
1993;Body of Evidence;MGM, United Artists;Dino De Laurentiis;;https://upload.wikimedia.org/wikipedia/en/b/bb/Bodyofevidence1.jpg
1993;Cliffhanger;TriStar Pictures, Carolco Pictures;Renny Harlin and Alan Marshall;;https://upload.wikimedia.org/wikipedia/en/4/4a/Cliffhanger_Poster.jpg
1993;Last Action Hero;Columbia Pictures;John McTiernan and Stephen J. Roth;;https://upload.wikimedia.org/wikipedia/en/0/0e/Last_action_hero_ver2.jpg
1993;Sliver;Paramount Pictures;Robert Evans;;https://upload.wikimedia.org/wikipedia/en/7/79/Sliver_poster.jpg
1994;Color of Night;Hollywood Pictures;Buzz Feitshans and David Matalon;yes;https://upload.wikimedia.org/wikipedia/en/9/9f/Color_of_Night_poster.jpg
1994;North;Columbia Pictures, Castle Rock Entertainment;Rob Reiner and Alan Zweibel;;https://upload.wikimedia.org/wikipedia/en/7/73/Northposter.jpg
1994;On Deadly Ground;Warner Bros.;A. Kitman Ho, Julius R. Nasso and Steven Seagal;;https://upload.wikimedia.org/wikipedia/en/8/82/On_deadly_ground.jpg
1994;The Specialist;Warner Bros.;Jerry Weintraub;;https://upload.wikimedia.org/wikipedia/en/4/41/Specialist.jpg
1994;Wyatt Earp;Warner Bros.;Kevin Costner, Lawrence Kasdan and Jim Wilson;;https://upload.wikimedia.org/wikipedia/en/c/cf/Wyatt_earp_ver1.jpg
1995;Showgirls;MGM, United Artists;Charles Evans and Alan Marshall;yes;https://upload.wikimedia.org/wikipedia/en/d/d7/Showgirls_%281995_film_poster%29.jpg
1995;Congo;Paramount Pictures;Kathleen Kennedy and Sam Mercer;;https://upload.wikimedia.org/wikipedia/en/3/3f/Congo_movie_poster.jpg
1995;It's Pat;Touchstone Pictures;Charles B. Wessler;;https://upload.wikimedia.org/wikipedia/en/2/21/ItsPat.jpg
1995;The Scarlet Letter;Hollywood Pictures;Roland Joffé and Andrew G. Vajna;;https://upload.wikimedia.org/wikipedia/en/4/4c/Scarletlettermovieposter.jpg
1995;Waterworld;Universal Studios;Kevin Costner, John Davis, Charles Gordon and Lawrence Gordon;;https://upload.wikimedia.org/wikipedia/en/5/5f/Waterworld.jpg
1996;Striptease;Columbia Pictures, Castle Rock Entertainment;Andrew Bergman and Mike Lobell;yes;https://upload.wikimedia.org/wikipedia/en/7/74/Striptease_movie_poster.jpg
1996;Barb Wire;PolyGram Filmed Entertainment, Gramercy Pictures;Todd Moyer, Mike Richardson and Brad Wyman;;https://upload.wikimedia.org/wikipedia/en/6/61/Barbwireposter.jpg
1996;Ed;Universal Studios;Rosalie Swedlin;;https://upload.wikimedia.org/wikipedia/en/0/03/Ed_poster.jpg
1996;The Island of Dr. Moreau;New Line Cinema;Edward R. Pressman;;https://upload.wikimedia.org/wikipedia/en/5/5b/Island_of_dr_moreau_ver2.jpg
1996;The Stupids;New Line Cinema, Savoy Pictures;Leslie Belzberg;;https://upload.wikimedia.org/wikipedia/en/b/be/The_Stupids.jpg
1997;The Postman;Warner Bros.;Kevin Costner, Steve Tisch and Jim Wilson;yes;https://upload.wikimedia.org/wikipedia/en/2/27/The_Postman_film_poster.jpg
1997;Anaconda;Columbia Pictures;Verna Harrah, Carole Little and Leonard Rabinowitz;;https://upload.wikimedia.org/wikipedia/en/e/e6/Anaconda_ver2.jpg
1997;Batman & Robin;Warner Bros.;Peter MacGregor-Scott;;https://upload.wikimedia.org/wikipedia/en/3/37/Batman_%26_Robin_poster.jpg
1997;Fire Down Below;Warner Bros.;Julius R. Nasso and Steven Seagal;;https://upload.wikimedia.org/wikipedia/en/3/33/Fire_Down_Below.jpg
1997;Speed 2: Cruise Control;20th Century Fox;Jan de Bont, Steve Perry and Michael Peyser;;https://upload.wikimedia.org/wikipedia/en/f/f3/Speed_two_cruise_control.jpg
1998;An Alan Smithee Film: Burn Hollywood Burn;Hollywood Pictures;Ben Myron and Joe Eszterhas;yes;https://upload.wikimedia.org/wikipedia/en/e/e8/Alan_smithee_film_burn_hollywood_burn.jpg
1998;Armageddon;Touchstone Pictures;Michael Bay and Jerry Bruckheimer;;https://upload.wikimedia.org/wikipedia/en/f/fc/Armageddon-poster06.jpg
1998;The Avengers;Warner Bros.;Jerry Weintraub;;https://upload.wikimedia.org/wikipedia/en/d/d7/The_Avengers_%281998_film%29_poster.jpg
1998;Godzilla;TriStar Pictures;Roland Emmerich and Dean Devlin;;https://upload.wikimedia.org/wikipedia/en/2/2e/Godzilla_%281998_Movie_Poster%29.jpg
1998;Spice World;Columbia Pictures;Uri Fruchtan, Mark L. Rosen and Barnaby Thompson;;https://upload.wikimedia.org/wikipedia/en/7/7c/Spice_world.jpg
1999;Wild Wild West;Warner Bros.;Jon Peters and Barry Sonnenfeld;yes;https://upload.wikimedia.org/wikipedia/en/3/31/Wild_wild_west_poster.jpg
1999;Big Daddy;Columbia Pictures;Sidney Ganis and Jack Giarraputo;;https://upload.wikimedia.org/wikipedia/en/c/ca/Big_Daddy_film.jpg
1999;The Blair Witch Project;Artisan Entertainment;Robin Cowie and Gregg Hale;;https://upload.wikimedia.org/wikipedia/en/2/26/Blair_Witch_Project.jpg
1999;The Haunting;DreamWorks;Susan Arthur, Donna Roth and Colin Wilson;;https://upload.wikimedia.org/wikipedia/en/b/ba/The_Haunting_film.jpg
1999;Star Wars: Episode I – The Phantom Menace;20th Century Fox;Rick McCallum and George Lucas;;https://upload.wikimedia.org/wikipedia/en/4/40/Star_Wars_Phantom_Menace_poster.jpg
2000;Battlefield Earth;Warner Bros., Franchise Pictures;Jonathan D. Krane, Elie Samaha and John Travolta;yes;https://upload.wikimedia.org/wikipedia/en/2/21/Battlefield_earth_poster.jpg
2000;Book of Shadows: Blair Witch 2;Artisan Entertainment;Bill Carraro;;https://upload.wikimedia.org/wikipedia/en/0/07/Book_of_shadows_blair_witch_two_poster.jpg
2000;The Flintstones in Viva Rock Vegas;Universal Studios;Bruce Cohen;;https://upload.wikimedia.org/wikipedia/en/d/d1/Flintstonesmov.jpg
2000;Little Nicky;New Line Cinema;Jack Giarraputo and Robert Simonds;;https://upload.wikimedia.org/wikipedia/en/5/53/Little_nicky.jpg
2000;The Next Best Thing;Paramount Pictures;Leslie Dixon, Linne Radmin and Tom Rosenberg;;https://upload.wikimedia.org/wikipedia/en/0/01/The_Next_Best_Thing.jpg
2001;Freddy Got Fingered;20th Century Fox;Larry Brezner, Howard Lapides and Lauren Lloyd;yes;https://upload.wikimedia.org/wikipedia/en/a/a3/Freddy_Got_Fingered_%28movie_poster%29.jpg
2001;Driven;Warner Bros., Franchise Pictures;Renny Harlin, Elie Samaha and Sylvester Stallone;;https://upload.wikimedia.org/wikipedia/en/b/b1/Driven_%282001_film%29_poster.jpg
2001;Glitter;20th Century Fox, Columbia Pictures;Laurence Mark and E. Bennett Walsh;;https://upload.wikimedia.org/wikipedia/en/a/ae/Glitter_Movie_Poster.png
2001;Pearl Harbor;Touchstone Pictures;Michael Bay and Jerry Bruckheimer;;https://upload.wikimedia.org/wikipedia/en/3/3c/Pearl_harbor_movie_poster.jpg
2001;3000 Miles to Graceland;Warner Bros., Franchise Pictures;Demian Lichtenstein, Eric Manes, Elie Samaha, Richard Spero and Andrew Stevens;;https://upload.wikimedia.org/wikipedia/en/9/90/3000graceland.jpg
2002;Swept Away;Screen Gems;Matthew Vaughn;yes;https://upload.wikimedia.org/wikipedia/en/4/4e/Swept_Away.png
2002;The Adventures of Pluto Nash;Warner Bros.;Martin Bregman, Michael Scott Bregman and Louis A. Stroller;;https://upload.wikimedia.org/wikipedia/en/3/3f/Pluto_Nash.jpg
2002;Crossroads;Paramount Pictures;Ann Carli;;https://upload.wikimedia.org/wikipedia/en/2/22/Crossroads_poster.JPG
2002;Pinocchio;Miramax Films;Gianluigi Braschi, Nicoletta Braschi and Elda Ferri;;https://upload.wikimedia.org/wikipedia/en/3/3d/Pinocchio_%282002_film_poster%29.jpg
2002;Star Wars: Episode II – Attack of the Clones;20th Century Fox;Rick McCallum and George Lucas;;https://upload.wikimedia.org/wikipedia/en/3/32/Star_Wars_-_Episode_II_Attack_of_the_Clones_%28movie_poster%29.jpg
2003;Gigli;Columbia Pictures, Revolution Studios;Martin Brest and Casey Silver;yes;https://upload.wikimedia.org/wikipedia/en/d/df/Gigliposter.jpg
2003;The Cat in the Hat;Universal Studios, DreamWorks;Brian Grazer;;https://upload.wikimedia.org/wikipedia/en/d/db/Cat_in_the_hat.jpg
2003;Charlie's Angels: Full Throttle;Columbia Pictures;Drew Barrymore, Leonard Goldberg and Nancy Juvonen;;https://upload.wikimedia.org/wikipedia/en/c/cb/Charlie%27s_Angels_Full_Throttle_movie.jpg
2003;From Justin to Kelly;20th Century Fox;John Steven Agoglia;;https://upload.wikimedia.org/wikipedia/en/c/cb/From-justin-to-kelly.jpg
2003;The Real Cancun;New Line Cinema;Mary-Ellis Bunim, Jonathan Murray, Jamie Schutz and Rick de Oliveira;;https://upload.wikimedia.org/wikipedia/en/7/7c/Real_cancun_poster.jpg
2004;Catwoman;Warner Bros.;Denise Di Novi and Edward McDonnell;yes;https://upload.wikimedia.org/wikipedia/en/0/04/Catwoman_poster.jpg
2004;Alexander;Warner Bros.;Moritz Borman, Jon Kilik, Thomas Schuhly and Iain Smith;;https://upload.wikimedia.org/wikipedia/en/a/ae/AlexanderPoster.jpg
2004;Superbabies: Baby Geniuses 2;Triumph Films;Steven Paul;;https://upload.wikimedia.org/wikipedia/en/a/aa/Superbabies_poster.JPG
2004;Surviving Christmas;DreamWorks;Betty Thomas and Jenno Topping;;https://upload.wikimedia.org/wikipedia/en/2/2a/Surviving_Christmas_poster.JPG
2004;White Chicks;Columbia Pictures, Revolution Studios;Rick Alvarez, Lee R. Mayes, Keenen Ivory Wayans, Marlon Wayans and Shawn Wayans;;https://upload.wikimedia.org/wikipedia/en/2/2b/White_chicks.jpg
2005;Dirty Love;First Look Pictures;John Mallory Asher, BJ Davis, Rod Hamilton, Kimberley Kates, Michael Manasseri, Jenny McCarthy and Trent Walford;yes;https://upload.wikimedia.org/wikipedia/en/5/51/Dirty_Love.jpg
2005;Deuce Bigalow: European Gigolo;Columbia Pictures;Adam Sandler and Rob Schneider;;https://upload.wikimedia.org/wikipedia/en/e/e2/Deuce_Bigalow_European_Gigolo_poster.jpg
2005;The Dukes of Hazzard;Warner Bros., Village Roadshow;Bill Gerber;;https://upload.wikimedia.org/wikipedia/en/9/98/Dukes_of_hazzard_movie_poster.jpg
2005;House of Wax;Warner Bros., Village Roadshow;Susan Levin, Joel Silver and Robert Zemeckis;;https://upload.wikimedia.org/wikipedia/en/d/d9/House_Of_Wax_movie_poster.jpg
2005;Son of the Mask;New Line Cinema;Erica Huggins and Scott Kroopf;;https://upload.wikimedia.org/wikipedia/en/1/17/Sonofthemask.jpg
2006;Basic Instinct 2;MGM, C2 Pictures;Mario Kassar, Joel B. Michaels and Andrew G. Vajna;yes;https://upload.wikimedia.org/wikipedia/en/f/fe/Basic_instinct_2.jpg
2006;BloodRayne;Romar Entertainment;Uwe Boll, Dan Clarke and Wolfgang Herrold;;https://upload.wikimedia.org/wikipedia/en/f/f0/BloodRayne_%28film%29.png
2006;Lady in the Water;Warner Bros.;Sam Mercer, Jose L. Rodriguez and M. Night Shyamalan;;https://upload.wikimedia.org/wikipedia/en/4/4f/Ladyinthewater_pos_gal.jpg
2006;Little Man;Columbia Pictures, Revolution Studios;Rick Alvares, Lee Mays, Marlon Wayans and Shawn Wayans;;https://upload.wikimedia.org/wikipedia/en/d/df/Littlemanposter.jpg
2006;The Wicker Man;Warner Bros.;Nicolas Cage, Randall Emmett, Norm Golightly, Avi Lerner and Joanne Sellar;;https://upload.wikimedia.org/wikipedia/en/f/fa/Wicker-man-poster.jpg
2007;I Know Who Killed Me;TriStar Pictures;David Grace and Frank Mancuso Jr.;yes;https://upload.wikimedia.org/wikipedia/en/d/d0/Who_killed_me_post.jpg
2007;Bratz;Lionsgate;Avi Arad, Isaac Larian and Steven Paul;;https://upload.wikimedia.org/wikipedia/en/f/fb/Bratz_The_Movie_poster.jpg
2007;Daddy Day Camp;TriStar Pictures, Revolution Studios;Matt Berenson, John Davis and Wyck Godfrey;;https://upload.wikimedia.org/wikipedia/en/6/67/Daddy_Day_Camp_poster.jpg
2007;I Now Pronounce You Chuck & Larry;Universal Studios;Adam Sandler and Tom Shadyac;;https://upload.wikimedia.org/wikipedia/en/e/e9/Chuckandlarrymp.jpg
2007;Norbit;DreamWorks;John Davis, Eddie Murphy and Michael Tollin;;https://upload.wikimedia.org/wikipedia/en/6/60/Norbit_%282007_film%29_poster.jpg
2008;The Love Guru;Paramount Pictures;Gary Barber, Michael DeLuca and Mike Myers;yes;https://upload.wikimedia.org/wikipedia/en/8/8f/Love_guru.jpg
2008;Disaster Movie and Meet the Spartans;Lionsgate, 20th Century Fox;Jason Friedberg, Peter Safran and Aaron Seltzer;;https://upload.wikimedia.org/wikipedia/en/a/af/Disaster_movie.jpg
2008;The Happening;20th Century Fox;Barry Mendel, Sam Mercer and M. Night Shyamalan;;https://upload.wikimedia.org/wikipedia/en/a/a6/Happening_poster.jpg
2008;The Hottie & the Nottie;Regent Releasing;Hadeel Reda;;https://upload.wikimedia.org/wikipedia/en/8/88/Hottie_and_the_nottie.jpg
2008;In the Name of the King;Boll KG, Brightlight Pictures;Uwe Boll, Dan Clarke, Wolfgang Herrold and Shawn Williamson;;https://upload.wikimedia.org/wikipedia/en/1/1c/In_the_Name_of_the_King_-_theatrical_poster.jpg
2009;Transformers: Revenge of the Fallen;Paramount Pictures, DreamWorks, Hasbro;Lorenzo di Bonaventura, Ian Bryce, Tom DeSanto and Don Murphy;yes;https://upload.wikimedia.org/wikipedia/en/c/cb/TF2SteelPoster.jpg
2009;All About Steve;20th Century Fox;Sandra Bullock and Mary McLaglen;;https://upload.wikimedia.org/wikipedia/en/d/dc/All_about_steve_poster.jpg
2009;G.I. Joe: The Rise of Cobra;Paramount Pictures, Hasbro;Lorenzo di Bonaventura, Bob Ducsay and Brian Goldner;;https://upload.wikimedia.org/wikipedia/en/7/78/G.I._Joe_-_The_Rise_of_Cobra_%282009_film%29.jpg
2009;Land of the Lost;Universal Studios;Sid and Marty Krofft and Jimmy Miller;;https://upload.wikimedia.org/wikipedia/en/9/99/Land_of_the_Lost_poster.jpg
2009;Old Dogs;Walt Disney Pictures;Peter Abrams, Robert Levy and Andrew Panay;;https://upload.wikimedia.org/wikipedia/en/e/ee/Old_dogs_poster.jpg
2010;The Last Airbender;Paramount Pictures, Nickelodeon Movies;Frank Marshall, Kathleen Kennedy, Sam Mercer and M. Night Shyamalan;yes;https://upload.wikimedia.org/wikipedia/en/e/ee/Old_dogs_poster.jpg
2010;The Bounty Hunter;Columbia Pictures;Neal H. Moritz;;https://upload.wikimedia.org/wikipedia/en/8/88/Bounty_hunter_poster.jpg
2010;Sex and the City 2;New Line Cinema, HBO Films, Village Roadshow Pictures;Michael Patrick King, John Melfi, Sarah Jessica Parker and Darren Star;;https://upload.wikimedia.org/wikipedia/en/2/2d/Sex_and_the_City_2_poster.jpg
2010;The Twilight Saga: Eclipse;Summit Entertainment;Wyck Godfrey and Karen Rosenfelt;;https://upload.wikimedia.org/wikipedia/en/d/d7/Eclipse_Theatrical_One-Sheet.jpg
2010;Vampires Suck;20th Century Fox;Jason Friedberg, Peter Safran and Aaron Seltzer;;https://upload.wikimedia.org/wikipedia/en/e/e6/Vampires_Suck_Poster.jpg
2011;Jack and Jill;Columbia Pictures;Todd Garner, Jack Giarraputo and Adam Sandler;yes;https://upload.wikimedia.org/wikipedia/en/9/99/Jack_and_jill_film_poster.jpg
2011;Bucky Larson: Born to Be a Star;Columbia Pictures;Barry Bernardi, Allen Covert, David Dorfman and Jack Giarraputo;;https://upload.wikimedia.org/wikipedia/en/1/1f/Born_to_Be_a_Star_Poster.jpg
2011;New Year's Eve;Warner Bros., New Line Cinema;Mike Karz, Garry Marshall and Wayne Allan Rice;;https://upload.wikimedia.org/wikipedia/en/b/b0/New_Year%27s_Eve_Poster.jpg
2011;Transformers: Dark of the Moon;Paramount Pictures;Lorenzo di Bonaventura, Ian Bryce, Tom DeSanto and Don Murphy;;https://upload.wikimedia.org/wikipedia/en/b/bf/Transformers_dark_of_the_moon_ver5.jpg
2011;The Twilight Saga: Breaking Dawn – Part 1;Summit Entertainment;Wyck Godfrey, Stephenie Meyer and Karen Rosenfelt;;https://upload.wikimedia.org/wikipedia/en/c/c2/Breaking_Dawn_Part_1_Poster.jpg
2012;The Twilight Saga: Breaking Dawn – Part 2;Summit Entertainment;Wyck Godfrey, Stephenie Meyer and Karen Rosenfelt;yes;https://upload.wikimedia.org/wikipedia/en/4/49/The_Twilight_Saga_Breaking_Dawn_Part_2_poster.jpg
2012;Battleship;Universal Studios;Sarah Aubrey, Peter Berg, Brian Goldner, Duncan Henderson, Bennett Schneir and Scott Stuber;;https://upload.wikimedia.org/wikipedia/en/6/6e/Battleship_Poster.jpg
2012;The Oogieloves in the Big Balloon Adventure;Lionsgate Films, Romar Entertainment, Kenn Viselman Presents;Gayle Dickie, Kenn Viselman;;https://upload.wikimedia.org/wikipedia/en/c/ca/The_Oogieloves_in_the_Big_Balloon_Adventure_Movie_Poster.jpg
2012;That's My Boy;Columbia Pictures;Allen Covert, Jack Giarraputo, Heather Parry and Adam Sandler;;https://upload.wikimedia.org/wikipedia/en/1/11/That%27s_My_Boy_poster.jpg
2012;A Thousand Words;Paramount Pictures, DreamWorks;Nicolas Cage, Alain Chabat, Stephanie Danan, Norman Golightly, Brian Robbinsand Sharla Sumpter Bridgett;;https://upload.wikimedia.org/wikipedia/en/c/cf/A_Thousand_Words_Poster.jpg
2013;Movie 43;Relativity Media;Peter Farrelly, Ryan Kavanaugh, John Penotti and Charles B. Wessler;yes;https://upload.wikimedia.org/wikipedia/en/e/e0/Movie_43_poster.jpg
2013;After Earth;Columbia Pictures;James Lassiter, Caleeb Pinkett, Jada Pinkett Smith, M. Night Shyamalan, Will Smith and Jaden Smith;;https://upload.wikimedia.org/wikipedia/en/5/5b/After_Earth_Poster.jpg
2013;Grown Ups 2;Columbia Pictures;Jack Giarraputo and Adam Sandler;;https://upload.wikimedia.org/wikipedia/en/2/29/Grown_Ups_2_Poster.jpg
2013;The Lone Ranger;Walt Disney Pictures;Jerry Bruckheimer and Gore Verbinski;;https://upload.wikimedia.org/wikipedia/en/0/0d/TheLoneRanger2013Poster.jpg
2013;A Madea Christmas;Lionsgate;Ozzie Areu, Matt Moore and Tyler Perry;;https://upload.wikimedia.org/wikipedia/en/4/46/A_Madea_Christmas.jpg
2014;Saving Christmas;Samuel Goldwyn Films;Darren Doane, Raphi Henley, Amanda Rosser and David Shannon;yes;https://upload.wikimedia.org/wikipedia/en/9/92/Saving_Christmas_poster.jpg
2014;Left Behind;Freestyle Releasing, Entertainment One;Michael Walker and Paul LaLonde;;https://upload.wikimedia.org/wikipedia/en/7/70/Left_Behind_film_poster.jpg
2014;The Legend of Hercules;Summit Entertainment;Boaz Davidson, Renny Harlin, Danny Lerner and Les Weldon;;https://upload.wikimedia.org/wikipedia/en/0/0a/Hercules_%282014_film%29_poster.jpg
2014;Teenage Mutant Ninja Turtles;Paramount Pictures, Nickelodeon Movies, Platinum Dunes;Michael Bay, Ian Bryce, Andrew Form, Bradley Fuller, Scott Mednick and Galen Walker;;https://upload.wikimedia.org/wikipedia/en/0/09/Teenage_Mutant_Ninja_Turtles_film_July_2014_poster.jpg
2014;Transformers: Age of Extinction;Paramount Pictures;Ian Bryce, Tom DeSanto, Lorenzo di Bonaventura and Don Murphy;;https://upload.wikimedia.org/wikipedia/en/0/0f/Transformers_Age_of_Extinction_poster.jpg
2015;Fantastic Four;20th Century Fox;Simon Kinberg, Matthew Vaughn, Hutch Parker, Robert Kulzer and Gregory Goodman;yes;https://upload.wikimedia.org/wikipedia/en/f/f4/Fantastic_Four_2015_poster.jpg
2015;Fifty Shades of Grey;Universal Pictures, Focus Features;Michael De Luca, Dana Brunetti and E. L. James;yes;https://upload.wikimedia.org/wikipedia/en/7/73/Fifty_Shades_of_Grey_poster.jpg
2015;Jupiter Ascending;Warner Bros.;Grant Hill and The Wachowskis;;https://upload.wikimedia.org/wikipedia/en/7/76/%27Jupiter_Ascending%27_Theatrical_Poster.jpg
2015;Paul Blart: Mall Cop 2;Columbia Pictures;Todd Garner, Kevin James and Adam Sandler;;https://upload.wikimedia.org/wikipedia/en/a/aa/Paul_Blart_-_Mall_Cop_2_poster.jpg
2015;Pixels;Columbia Pictures;Adam Sandler, Chris Columbus, Mark Radcliffe and Allen Covert;;https://upload.wikimedia.org/wikipedia/en/f/f0/PixelsOfficialPoster.jpg
2016;Hillary's America: The Secret History of the Democratic Party;Quality Flix;Gerald R. Molen;yes;https://upload.wikimedia.org/wikipedia/en/c/ca/Hillarys_America_documentary_film_poster.png
2016;Batman v Superman: Dawn of Justice;Warner Bros.;Charles Roven and Deborah Snyder;;https://upload.wikimedia.org/wikipedia/en/3/31/Batman_v_Superman_Dawn_of_Justice_poster.jpg
2016;Dirty Grandpa;Lionsgate;Bill Block, Michael Simkin, Jason Barrett and Barry Josephson;;https://upload.wikimedia.org/wikipedia/en/6/62/Dirty_Grandpa_teaser_poster.jpg
2016;Gods of Egypt;Summit Entertainment;Basil Iwanyk and Alex Proyas;;https://upload.wikimedia.org/wikipedia/en/2/2f/Gods_of_Egypt_poster.jpg
2016;Independence Day: Resurgence;20th Century Fox;Dean Devlin, Harald Kloser and Roland Emmerich;;https://upload.wikimedia.org/wikipedia/en/f/f3/Independence_Day_Resurgence_poster.jpg
2016;Zoolander 2;Paramount Pictures;Stuart Cornfeld, Scott Rudin, Ben Stiller and Clayton Townsend;;https://upload.wikimedia.org/wikipedia/en/b/b2/Zoolander_2_poster.jpg
2017;The Emoji Movie;Columbia Pictures;Michelle Raimo Kouyate;yes;https://upload.wikimedia.org/wikipedia/en/6/63/The_Emoji_Movie_film_poster.jpg
2017;Baywatch;Paramount Pictures;Ivan Reitman, Michael Berk, Douglas Schwartz, Gregory J. Bonann and Beau Flynn;;https://upload.wikimedia.org/wikipedia/en/1/13/Baywatch_poster.jpg
2017;Fifty Shades Darker;Universal Pictures;Michael De Luca, E. L. James, Dana Brunetti and Marcus Viscidi;;https://upload.wikimedia.org/wikipedia/en/2/2d/Fifty_Shades_Darker_film_poster.jpg
2017;The Mummy;Universal Pictures;Alex Kurtzman, Chris Morgan, Sean Daniel and Sarah Bradshaw;;https://upload.wikimedia.org/wikipedia/en/a/a2/The_Mummy_%282017%29.jpg
2017;Transformers: The Last Knight;Paramount Pictures;Don Murphy, Tom DeSanto, Lorenzo di Bonaventura and Ian Bryce;;https://upload.wikimedia.org/wikipedia/en/2/26/Transformers_The_Last_Knight_poster.jpg
2018;Holmes & Watson;Columbia Pictures;Will Ferrell, Adam McKay, Jimmy Miller and Clayton Townsend;yes;https://upload.wikimedia.org/wikipedia/en/1/1d/Holmes_%26_Watson.png
2018;Gotti;Vertical Entertainment;Randall Emmett, Marc Fiore, Michael Froch and George Furla;;https://upload.wikimedia.org/wikipedia/en/7/79/Gotti_movie_poster.jpg
2018;The Happytime Murders;STX;Ben Falcone, Jeffrey Hayes, Brian Henson and Melissa McCarthy;;https://upload.wikimedia.org/wikipedia/en/4/40/The_Happytime_Murders.png
2018;Robin Hood;Summit Entertainment;Jennifer Davisson and Leonardo DiCaprio;;https://upload.wikimedia.org/wikipedia/en/3/3a/Robin_Hood_%282018_film_poster%29.png
2018;Winchester;Lionsgate;Tim McGahan and Brett Tomberlin;;https://upload.wikimedia.org/wikipedia/en/d/d4/Winchester_%28film%29.png
2019;Cats;Universal Pictures;Debra Hayward, Tim Bevan, Eric Fellner, and Tom Hooper;yes;https://upload.wikimedia.org/wikipedia/en/c/cf/Cats_2019_poster.jpg
2019;The Fanatic;Quiver Distribution;Daniel Grodnik, Oscar Generale, and Bill Kenwright;;https://upload.wikimedia.org/wikipedia/en/4/41/The_Fanatic_-_release_poster.jpg
2019;The Haunting of Sharon Tate;Saban Films;Lucas Jarach, Daniel Farrands, and Eric Brenner;;https://upload.wikimedia.org/wikipedia/en/c/cd/The_Haunting_of_Sharon_Tate_poster.png
2019;A Madea Family Funeral;Lionsgate;Ozzie Areu, Will Areu, and Mark E. Swinton;;https://upload.wikimedia.org/wikipedia/en/f/f3/MadeaFamilyFuneral.png
2019;Rambo: Last Blood;Lionsgate;Avi Lerner, Kevin King Templeton, Yariv Lerner, and Les Weldon;;https://upload.wikimedia.org/wikipedia/en/b/b1/Rambo_-_Last_Blood_official_theatrical_poster.jpg
2020;Absolute Proof;Broadcast Company;Mary Fanning, Brandon Howse;yes;https://upload.wikimedia.org/wikipedia/en/d/d3/Absolute_Proof_title_card.png
2020;Dolitle;Universal Pictures;"Susan Downey, 
Jeff Kirschenbaum
, Joe Roth";;https://upload.wikimedia.org/wikipedia/en/1/1f/Dolittle_%282020_film_poster%29.png
2020;365 Days;Next Film;Maciej Kawulsk, Robert Kijak;;https://upload.wikimedia.org/wikipedia/en/3/32/365_Dni_film_poster.png
2020;Music;HanWay Films;Sia;;https://upload.wikimedia.org/wikipedia/en/6/6b/Music_%282021_film%29.png
2020;Fantasy Island;Sony Pictures;Jason Blum;;https://upload.wikimedia.org/wikipedia/en/7/7e/Fantasy_Island_poster.jpg
2021;Diana;Netflix;David Bryan;yes;https://upload.wikimedia.org/wikipedia/en/4/44/Diana_Musical_Poster.jpg
2021;Infinite;Paramount Pictures;Lorenzo di Bonaventura, Mark Wahlberg;;https://upload.wikimedia.org/wikipedia/en/0/07/Infinite_%282021_film%29_release_poster.jpeg
2021;Karen;BET Original Movies;Autumn Bailey-Ford;;https://upload.wikimedia.org/wikipedia/en/9/9a/Karen2021poster.jpeg
2021;The Woman In The Window;20th Century Studios;Scott Rudin;;https://upload.wikimedia.org/wikipedia/en/9/98/The_Woman_in_the_Window.jpg
2021;Space Jam: A New Legacy;Warner Animation Group;"Ryan Coogler,
LeBron James";;https://upload.wikimedia.org/wikipedia/en/b/b7/SpaceJamANewLegacyOfficialPoster.jpg
2022;Blonde;Plan B Entertainment;Brad Pitt;yes;https://upload.wikimedia.org/wikipedia/en/6/6d/Blonde_2022_film_poster.jpg
2022;Good Mourning;Cedar Park Studios;Colson Baker;;https://upload.wikimedia.org/wikipedia/en/a/a2/The_film_poster_to_represent_the_2022_film_%22Good_Mourning%22.png
2022;Morbius;Sony Pictures;Avi Arad;;https://upload.wikimedia.org/wikipedia/en/2/2f/Morbius_%28film%29_poster.jpg
2022;Pinocchio;Walt Disney Pictures;Andrew Milano, Chris Weitz;;https://upload.wikimedia.org/wikipedia/en/5/5b/Pinocchio_2022_film_poster.png
2022;The King's Daughter;Bliss Media;James Pang Hong;;https://upload.wikimedia.org/wikipedia/en/c/ca/The_King%27s_Daughter_%282022_film%29.jpg
2023;Winnie-the-Pooh: Blood and Honey;Jagged Edge Productions;Scott Jeffrey;yes;https://upload.wikimedia.org/wikipedia/en/7/74/Winnie_the_Pooh%2C_Blood_and_Honey_Film_Poster.jpg
2023;Shazam! Fury of the Gods;Warner Bros.;Peter Safran;;https://upload.wikimedia.org/wikipedia/en/f/fb/Shazam%21_Fury_of_the_Gods_%282023%29_Main_Poster.png
2023;The Expendables 4;Lionsgate;Kevin King-Templeton;;https://upload.wikimedia.org/wikipedia/en/2/2d/Expendables_4_Poster.jpg
2023;The Exorcist: Believer;Blumhouse Productions;Peter Sattler;;https://upload.wikimedia.org/wikipedia/en/3/36/ExorcistBelieverPoster.jpg
2023;Meg 2: The Trench;Warner Bros.;Lorenzo di Bonaventura;;https://upload.wikimedia.org/wikipedia/en/c/ca/Meg_2-_The_Trench_film_cover.jpg